Название;Артикул ТД Елена;Цена ТД Елена;Артикул Натали;Цена Натали;Ссылка на артикул Натали;Артикул Гомани;Цена Гомани;Ссылка на артикул Гомани;Артикул ТД Валерия;Цена ТД Валерия;Ссылка на артикул ТД Валерия;Артикул Оддис;Цена Оддис;Ссылка на артикул Оддис;Артикул Модно;Цена Модно;Ссылка на артикул Модно;Артикул Инстанс;Цена Инстанс;Ссылка на артикул Инстанс
Платье;32189;460;024328;{'Опт': '765', 'Мелкий опт': '920', 'Розница': '1530'};https://natali37.ru//product/24328;;;;;;;;;;;;;;;
Платье;32070;505;024035;{'Опт': '610', 'Мелкий опт': '735', 'Розница': '1220'};https://natali37.ru//product/24035;;;;;;;;;;;;;;;
Платье;32049;430;017905;{'Опт': '550', 'Мелкий опт': '660', 'Розница': '1100'};https://natali37.ru//product/17905;;;;;;;;;;;;;;;
Сарафан;319193;365;;;;;;;;;;;;;Сарафан 38109;955;https://modno-trikotazh.ru/platja-5bd19004a328b/32527;;;
Сарафан;31976;460;04333;{'Опт': '435', 'Мелкий опт': '525', 'Розница': '870'};https://natali37.ru//product/4333;;;;;;;;;;;;;;;
Костюм;32263;1115;018203;{'Опт': '855', 'Мелкий опт': '1030', 'Розница': '1710'};https://natali37.ru//product/18203;;;;;;;;;;;;;;;
Костюм;32111;1715;025703;{'Опт': '2220', 'Мелкий опт': '2665', 'Розница': '4440'};https://natali37.ru//product/25703;;;;;;;;;;;;;;;
Костюм;32111;1715;025703;{'Опт': '2220', 'Мелкий опт': '2665', 'Розница': '4440'};https://natali37.ru//product/25703;;;;;;;;;;;;;;;
Костюм (начес);321153;2110;023053;{'Опт': '2340', 'Мелкий опт': '2810', 'Розница': '4680'};https://natali37.ru//product/23053;;;;;;;;;;;;;;;
Костюм;32263;1115;018203;{'Опт': '855', 'Мелкий опт': '1030', 'Розница': '1710'};https://natali37.ru//product/18203;;;;;;;;;;;;;;;
Костюм (футб+велосипедки);322102;690;024360;{'Опт': '795', 'Мелкий опт': '955', 'Розница': '1590'};https://natali37.ru//product/24360;;;;;;;;;;;;;;;
Халат;32291;550;025188;{'Опт': '785', 'Мелкий опт': '945', 'Розница': '1570'};https://natali37.ru//product/25188;;;;;;;;;;;;;;;
Халат;322107;450;025575;{'Опт': '680', 'Мелкий опт': '820', 'Розница': '1360'};https://natali37.ru//product/25575;;;;;;;;;;;;;;;
Футболка;321165;405;026683;{'Опт': '590', 'Мелкий опт': '710', 'Розница': '1180'};https://natali37.ru//product/26683;;;;;;;;;;;;;;;
Футболка;32139;460;025761;{'Опт': '590', 'Мелкий опт': '710', 'Розница': '1180'};https://natali37.ru//product/25761;;;;;;;;;;;;;;;
Футболка;321165;405;026683;{'Опт': '590', 'Мелкий опт': '710', 'Розница': '1180'};https://natali37.ru//product/26683;;;;;;;;;;;;;;;
Футболка;320165;420;024726;{'Опт': '905', 'Мелкий опт': '1090', 'Розница': '1810'};https://natali37.ru//product/24726;;;;;;;;;;;;;;;
Футболка;320165;420;024726;{'Опт': '905', 'Мелкий опт': '1090', 'Розница': '1810'};https://natali37.ru//product/24726;;;;;;;;;;;;;;;
Футболка;320165;420;024726;{'Опт': '905', 'Мелкий опт': '1090', 'Розница': '1810'};https://natali37.ru//product/24726;;;;;;;;;;;;;;;
Футболка;322125;300;08080;{'Опт': '655', 'Мелкий опт': '790', 'Розница': '1310'};https://natali37.ru//product/8080;;;;;;;;;;;;;;;
Футболка;322125;300;08080;{'Опт': '655', 'Мелкий опт': '790', 'Розница': '1310'};https://natali37.ru//product/8080;;;;;;;;;;;;;;;
Сорочка.;320184;360;05534;{'Опт': '570', 'Мелкий опт': '685', 'Розница': '1140'};https://natali37.ru//product/5534;;;;;;;;;;;;;;;
"Сорочка ""Бетт"" (х/б)";31497;390;021844;{'Опт': '655', 'Мелкий опт': '790', 'Розница': '1310'};https://natali37.ru//product/21844;;;;;;;;;;;;;;;
Сорочка;320184;360;05534;{'Опт': '570', 'Мелкий опт': '685', 'Розница': '1140'};https://natali37.ru//product/5534;;;;;;;;;;;;;;;
Сорочка;320184;360;05534;{'Опт': '570', 'Мелкий опт': '685', 'Розница': '1140'};https://natali37.ru//product/5534;;;;;;;;;;;;;;;
Сорочка;319216;380;020550;{'Опт': '435', 'Мелкий опт': '525', 'Розница': '870'};https://natali37.ru//product/20550;;;;;;;;;;;;;;;
Сорочка;320132;335;08696;{'Опт': '405', 'Мелкий опт': '490', 'Розница': '810'};https://natali37.ru//product/8696;;;;;;;;;;;;;;;
Сорочка.;320184;360;05534;{'Опт': '570', 'Мелкий опт': '685', 'Розница': '1140'};https://natali37.ru//product/5534;;;;;;;;;;;;;;;
Комплект;32251;1265;01583;{'Опт': '905', 'Мелкий опт': '1090', 'Розница': '1810'};https://natali37.ru//product/1583;;;;;;;;;;;;;;;
Комплект (футболка+капри);32058;495;05387;{'Опт': '640', 'Мелкий опт': '770', 'Розница': '1280'};https://natali37.ru//product/5387;;;;;;;;;;;;;;;
Комплект (футболка+капри);32058;495;05387;{'Опт': '640', 'Мелкий опт': '770', 'Розница': '1280'};https://natali37.ru//product/5387;;;;;;;;;;;;;;;
Комплект (топ+шорты);320129;405;025254;{'Опт': '655', 'Мелкий опт': '790', 'Розница': '1310'};https://natali37.ru//product/25254;;;;;;;;;;;;;;;
Комплект (футб+шорты);32275;520;08508;{'Опт': '400', 'Мелкий опт': '480', 'Розница': '580'};https://natali37.ru//product/8508;;;;;;;;;;;;;;;
Комплект (футболка+капри);32058;495;05387;{'Опт': '640', 'Мелкий опт': '770', 'Розница': '1280'};https://natali37.ru//product/5387;;;;;;;;;;;;;;;
Комплект (халат+сорочка);32227;790;026195;{'Опт': '1110', 'Мелкий опт': '1335', 'Розница': '2220'};https://natali37.ru//product/26195;;;;;;;;;;;;;;;
Пижама;320103;650;020476;{'Опт': '680', 'Мелкий опт': '820', 'Розница': '1360'};https://natali37.ru//product/20476;;;;;;;;;;;;;;;
Комплект (рубашка+брюки);32229;990;025130;{'Опт': '900', 'Мелкий опт': '1080', 'Розница': '1800'};https://natali37.ru//product/25130;;;;;;;;;;;;;;;
Шорты ( джинса );31901;430;018255;{'Опт': '620', 'Мелкий опт': '745', 'Розница': '1240'};https://natali37.ru//product/18255;;;;;;;;;;;;;;;
Шорты (ф/п);30106;270;016660;{'Опт': '405', 'Мелкий опт': '490', 'Розница': '810'};https://natali37.ru//product/16660;;;;;;;;;;;;;;;
Шорты;30106;240;016660;{'Опт': '405', 'Мелкий опт': '490', 'Розница': '810'};https://natali37.ru//product/16660;;;;;;;;;;;;;;;
Брюки (ф/п);32001;740;015285;{'От': '360', 'Опт': '520', 'Мелкий опт': '625'};https://natali37.ru//product/15285;;;;;;;;;;;;;;;
Брюки (ф/п);32001;740;015285;{'От': '360', 'Опт': '520', 'Мелкий опт': '625'};https://natali37.ru//product/15285;;;;;;;;;;;;;;;
Брюки (ф/п);32001;740;015285;{'От': '360', 'Опт': '520', 'Мелкий опт': '625'};https://natali37.ru//product/15285;;;;;;;;;;;;;;;
Брюки (ф/п);32001;740;015285;{'От': '360', 'Опт': '520', 'Мелкий опт': '625'};https://natali37.ru//product/15285;;;;;;;;;;;;;;;
Брюки %;31428;340;014627;{'Опт': '350', 'Мелкий опт': '420', 'Розница': '700'};https://natali37.ru//product/14627;;;;;;;;;;;;;;;
Брюки (ф/п);32001;740;015285;{'От': '360', 'Опт': '520', 'Мелкий опт': '625'};https://natali37.ru//product/15285;;;;;;;;;;;;;;;
Брюки (ф/п);32001;740;015285;{'От': '360', 'Опт': '520', 'Мелкий опт': '625'};https://natali37.ru//product/15285;;;;;;;;;;;;;;;
Брюки (ф/п);32001;740;015285;{'От': '360', 'Опт': '520', 'Мелкий опт': '625'};https://natali37.ru//product/15285;;;;;;;;;;;;;;;
Брюки (ф/п);32001;740;015285;{'От': '360', 'Опт': '520', 'Мелкий опт': '625'};https://natali37.ru//product/15285;;;;;;;;;;;;;;;
Брюки х/б на манжете;31428;460;014627;{'Опт': '350', 'Мелкий опт': '420', 'Розница': '700'};https://natali37.ru//product/14627;;;;;;;;;;;;;;;
Брюки (вискоза);31842;470;016743;{'Опт': '670', 'Мелкий опт': '805', 'Розница': '1340'};https://natali37.ru//product/16743;;;;;;;;;;;;;;;
Брюки;319143;705;022318;{'Опт': '530', 'Мелкий опт': '640', 'Розница': '1060'};https://natali37.ru//product/22318;;;;;;;;;;;;;;;
Костюм (футб+брюки);32276;680;024187;{'Опт': '875', 'Мелкий опт': '1050', 'Розница': '1750'};https://natali37.ru//product/24187;;;;;;;;;;;;;;;
Халат велюр;31437;850;;;;С1311;['-'];https://gomani.ru/product/xalat-na-molnii-s-otdelochnoj-bejkoj/;;;;;;;;;;;;
Бриджи с лайкр.;30119;285;;;;;;;;;;;;;;;;М-0010ТС;450;https://instanceshop.ru/bridzhi/temno-sinie-m-0010ts/
Халат (велюр);319191;890;;;;;;;2/13-2240бв;1014;https://xn--80adfgpq0bk8j.xn--p1ai//catalog/dlya_zhenshchin/khalaty_3/domashnie_3/khalat_zhen_velyurovyy_bez_vorotnika_v_assortimente/;;;;;;;;;
Капри;30071;330;;;;;;;2/14-2080а-;500;https://xn--80adfgpq0bk8j.xn--p1ai//catalog/dlya_zhenshchin/kapri_1/s_karmanami_1/kapri_zhen_raisa_khlopok_v_assortimente/;;;;;;;;;
Капри;30071;295;;;;;;;2/14-2080а-;500;https://xn--80adfgpq0bk8j.xn--p1ai//catalog/dlya_zhenshchin/kapri_1/s_karmanami_1/kapri_zhen_raisa_khlopok_v_assortimente/;;;;;;;;;
Футболка (кашкорсе);31882;235;;;;;;;2/21-2230Фбр;620;https://xn--80adfgpq0bk8j.xn--p1ai//catalog/dlya_zhenshchin/futbolki_2/bazovaya/futbolka_bazovaya_v_rubchik_goluboy/;;;;;;;;;
Майка;30047;220;;;;;;;;;;;;;"Майка Р73 ""Эмма""";430;https://modno-trikotazh.ru/futbolki-maiki/26446;;;
Бриджи с лайкр.;30119;285;;;;;;;;;;;;;;;;М-0010ТС;450;https://instanceshop.ru/bridzhi/temno-sinie-m-0010ts/
Сарафан;319193;365;;;;;;;;;;;;;Сарафан 38109;955;https://modno-trikotazh.ru/platja-5bd19004a328b/32527;;;
Футболка;321106;365;;;;;;;;;;;;;Футболка М-622 D;680;https://modno-trikotazh.ru/futbolki-maiki/25481;;;
Топ;319172;290;;;;;;;;;;;;;;;;М-0069ТС;190;https://instanceshop.ru/futbolki/temno-sinyaya-na-lyamkah-m-0069ts/
Майка;30047;220;;;;;;;;;;;;;"Майка Р73 ""Эмма""";430;https://modno-trikotazh.ru/futbolki-maiki/26446;;;
Майка;31881;290;;;;;;;;;;;;;Майка СТ Пуговка;615;https://modno-trikotazh.ru/futbolki-maiki/21611;;;
Топ;319172;290;;;;;;;;;;;;;;;;М-0069ТС;190;https://instanceshop.ru/futbolki/temno-sinyaya-na-lyamkah-m-0069ts/
"Сорочка ""Бабушкина"" (х/б)";30043;310;;;;;;;;;;;;;;;;М-0042БЕЖ;350;https://instanceshop.ru/nochnushki-i-sorochki/sorochka-babushkina-bezhevaya-kletka-m-0042bezh/
Бриджи с лайкр.;30119;285;;;;;;;;;;;;;;;;М-0010ТС;450;https://instanceshop.ru/bridzhi/temno-sinie-m-0010ts/
